{"cameraMode":{"drawMode":0,"name":"Shaded","section":"Shading Mode"},"sceneLighting":true,"audioPlay":false,"sceneViewState":{"m_AlwaysRefresh":false,"showFog":true,"showSkybox":true,"showFlares":true,"showImageEffects":true,"showParticleSystems":true,"showVisualEffectGraphs":true,"m_FxEnabled":false},"in2DMode":false,"pivot":{"x":-47.250343322753909,"y":6.825756549835205,"z":-165.9059600830078},"rotation":{"x":-0.000030500426873913966,"y":0.9999247789382935,"z":0.002689164597541094,"w":-0.005375630687922239},"size":73.46356964111328,"orthographic":false}